{
  "pareto": [
    [
      2,
      2,
      2,
      2,
      1,
      0,
      1,
      2,
      2,
      0
    ],
    [
      0,
      2,
      1,
      1,
      1,
      0,
      0,
      1,
      0,
      0
    ],
    [
      0,
      2,
      1,
      2,
      1,
      2,
      0,
      2,
      0,
      0
    ],
    [
      0,
      2,
      2,
      2,
      1,
      0,
      1,
      2,
      0,
      0
    ],
    [
      0,
      2,
      1,
      2,
      1,
      2,
      0,
      2,
      2,
      0
    ]
  ],
  "fitness": [
    [
      -0.7168369096636042,
      3756.3211917877197
    ],
    [
      -0.631073343614632,
      3082.9203128814697
    ],
    [
      -0.6331764427932035,
      3189.966917037964
    ],
    [
      -0.692706873757717,
      3754.1017532348633
    ],
    [
      -0.6494758467329534,
      3519.54984664917
    ]
  ]
}