{
  "pareto": [
    [
      2,
      0,
      0,
      2,
      1,
      0,
      0,
      0,
      0,
      0
    ],
    [
      0,
      2,
      1,
      1,
      1,
      0,
      0,
      1,
      0,
      0
    ],
    [
      0,
      2,
      1,
      2,
      1,
      2,
      0,
      2,
      0,
      0
    ],
    [
      2,
      0,
      0,
      2,
      1,
      0,
      0,
      0,
      1,
      0
    ],
    [
      0,
      0,
      0,
      0,
      1,
      0,
      0,
      0,
      0,
      0
    ]
  ],
  "fitness": [
    [
      -0.4510111260170445,
      3922.7802753448486
    ],
    [
      -0.3271317087211742,
      3307.5196743011475
    ],
    [
      -0.3353869080328515,
      3769.6304321289062
    ],
    [
      -0.4859748060332321,
      4271.440744400024
    ],
    [
      -0.43053818125250176,
      3884.2737674713135
    ]
  ]
}